other_rps	mps-30_llm_latency_ms	mps-30_llm_p95_ms	mps-30_llm_p99_ms	mps-30_completed	mps-30_llm_rel_throughput	mps-30_other_rel_throughput	mps-50_llm_latency_ms	mps-50_llm_p95_ms	mps-50_llm_p99_ms	mps-50_completed	mps-50_llm_rel_throughput	mps-50_other_rel_throughput	orion_llm_latency_ms	orion_llm_p95_ms	orion_llm_p99_ms	orion_completed	orion_llm_rel_throughput	orion_other_rel_throughput	MorphX_llm_latency_ms	MorphX_llm_p95_ms	MorphX_llm_p99_ms	MorphX_completed	MorphX_llm_rel_throughput	MorphX_other_rel_throughput	stream_llm_latency_ms	stream_llm_p95_ms	stream_llm_p99_ms	stream_completed	stream_llm_rel_throughput	stream_other_rel_throughput	tgs_llm_latency_ms	tgs_llm_p95_ms	tgs_llm_p99_ms	tgs_completed	tgs_llm_rel_throughput	tgs_other_rel_throughput	timeslice_llm_latency_ms	timeslice_llm_p95_ms	timeslice_llm_p99_ms	timeslice_completed	timeslice_llm_rel_throughput	timeslice_other_rel_throughput
0.100    	24.45                	29.46            	32.48            	0.089           	                         	                           	19.77                	22.59            	24.45            	0.089           	                         	                           	18.24               	20.35           	21.57           	0.089          	                        	                          	19.83                 	21.87             	22.95             	0.089            	                          	                            	18.38                	20.51            	21.73            	0.089           	                         	                           	18.59             	20.78         	22.01         	0.089        	                      	                        	18.63                   	20.75               	21.92               	0.089              	                            	                              
0.200    	24.87                	29.89            	33.40            	0.176           	                         	                           	20.45                	24.65            	28.22            	0.176           	                         	                           	19.43               	21.55           	22.67           	0.176          	                        	                          	20.46                 	22.45             	23.54             	0.176            	                          	                            	19.47                	21.67            	22.90            	0.176           	                         	                           	20.41             	23.26         	25.68         	0.176        	                      	                        	20.05                   	22.51               	24.39               	0.176              	                            	                              
0.400    	25.87                	30.73            	34.66            	0.397           	                         	                           	21.13                	24.17            	25.51            	0.397           	                         	                           	22.46               	25.79           	26.04           	0.397          	                        	                          	21.76                 	24.35             	25.01             	0.397            	                          	                            	22.17                	25.41            	25.76            	0.397           	                         	                           	23.81             	27.98         	28.30         	0.397        	                      	                        	23.70                   	27.72               	28.15               	0.397              	                            	                              
0.600    	26.30                	31.24            	34.80            	0.594           	                         	                           	21.83                	24.89            	27.78            	0.593           	                         	                           	25.63               	29.35           	34.27           	0.594          	                        	                          	23.82                 	26.57             	29.10             	0.594            	                          	                            	25.32                	28.89            	33.19            	0.594           	                         	                           	28.42             	32.81         	39.19         	0.594        	                      	                        	28.36                   	32.67               	39.03               	0.594              	                            	                              
0.800    	27.00                	31.70            	35.33            	0.787           	                         	                           	22.65                	25.87            	28.18            	0.772           	                         	                           	30.55               	35.76           	38.75           	0.787          	                        	                          	25.35                 	27.99             	30.14             	0.787            	                          	                            	29.86                	34.59            	36.94            	0.787           	                         	                           	35.65             	42.02         	43.44         	0.786        	                      	                        	35.32                   	41.71               	46.44               	0.787              	                            	                              
1        	27.79                	32.66            	35.84            	0.988           	                         	                           	22.74                	26.38            	28.45            	0.803           	                         	                           	40.18               	51.14           	56.14           	0.991          	                        	                          	26.86                 	29.94             	30.91             	0.986            	                          	                            	37.99                	47.54            	53.23            	0.993           	                         	                           	48.75             	62.46         	69.21         	0.972        	                      	                        	49.45                   	62.76               	69.74               	0.987              	                            	                              
1.200    	28.46                	33.52            	36.85            	1.173           	                         	                           	22.72                	26.39            	28.44            	0.804           	                         	                           	55.03               	69.58           	78.61           	1.193          	                        	                          	28.18                 	30.92             	32.26             	1.136            	                          	                            	49.96                	63.29            	72.59            	1.194           	                         	                           	49.63             	57.88         	61.09         	0.998        	                      	                        	67.80                   	75.16               	79.24               	1.162              	                            	                              
1.400    	28.51                	33.66            	37.63            	1.202           	                         	                           	22.71                	26.36            	28.42            	0.801           	                         	                           	74.25               	81.12           	83.77           	1.361          	                        	                          	28.37                 	31.61             	32.94             	1.154            	                          	                            	72.34                	104.11           	121.07           	1.401           	                         	                           	57.43             	71.69         	76.03         	1.070        	                      	                        	69.52                   	75.72               	79.35               	1.189              	                            	                              
1.600    	28.47                	33.63            	37.61            	1.196           	                         	                           	23.10                	26.52            	28.38            	0.799           	                         	                           	75.61               	80.53           	83.16           	1.388          	                        	                          	28.21                 	30.97             	32.54             	1.156            	                          	                            	116.50               	136.84           	145.33           	1.591           	                         	                           	55.49             	71.90         	76.14         	1.046        	                      	                        	69.97                   	75.85               	82.39               	1.193              	                            	                              
